<?xml version="1.0" encoding="UTF-8" standalone="yes"?>
<addon id="repository.chraschi" name="Chraschi's Repository" version="0.0.2" provider-name="chraschi">
    <extension point="xbmc.addon.repository" name="Example Repository">
        <dir>
            <info compressed="false">https://chraschi.github.io/repo/zips/addons.xml</info>
            <checksum>https://chraschi.github.io/repo/zips/addons.xml.md5</checksum>
            <datadir zip="true">https://chraschi.github.io/repo/zips/</datadir>
        </dir>
		<dir>
            <info compressed="false">https://raw.githubusercontent.com/Gujal00/smrzips/master/addons.xml</info>
            <checksum>https://raw.githubusercontent.com/Gujal00/smrzips/master/addons.xml.md5</checksum>
            <datadir zip="true">https://raw.githubusercontent.com/Gujal00/smrzips/master/zips/</datadir>
        </dir>
    </extension>
    <extension point="xbmc.addon.metadata">
        <summary>Chraschi's Repository</summary>
        <description>DESCRIPTION OF YOUR REPO HERE</description>
        <disclaimer></disclaimer>
        <platform>all</platform>
        <assets>
            <icon>icon.png</icon>
            <fanart>fanart.jpg</fanart>
        </assets>
    </extension>
</addon>