<?xml version="1.0" encoding="UTF-8" standalone="yes"?>
<addon id="repository.chraschi" name="Chraschi's Repository" version="0.0.1" provider-name="chraschi">
    <extension point="xbmc.addon.repository" name="Example Repository">
        <dir>
            <info compressed="false">https://chraschi.github.io/repo/zips/addons.xml</info>
            <checksum>https://chraschi.github.io/repo/zips/addons.xml.md5</checksum>
            <datadir zip="true">https://chraschi.github.io/repo/zips/</datadir>
        </dir>
        <dir>
			<info compressed="false">https://michaz1988.github.io/repo/addons.xml</info>
			<checksum>https://michaz1988.github.io/repo/addons.xml.md5</checksum>
			<datadir zip="true">https://michaz1988.github.io/repo/</datadir>
		</dir>
    </extension>
    <extension point="xbmc.addon.metadata">
        <summary>Chraschi's Repository</summary>
        <description>DESCRIPTION OF YOUR REPO HERE</description>
        <disclaimer></disclaimer>
        <platform>all</platform>
        <assets>
            <icon>icon.png</icon>
            <fanart>fanart.jpg</fanart>
        </assets>
    </extension>
</addon>